Designator,Footprint,Quantity,Value,LCSC Part #
D2,LED_0805_2012Metric,1,red LED,
J1,USB_C_Receptacle_HRO_TYPE-C-31-M-12_with_3d_model,1,USB_C_Receptacle_USB2.0,
R10,R_0805_2012Metric,1,1k,
C12,C_0805_2012Metric,1,100n,
Y2,Resonator_SMD_Murata_CSTxExxV-3Pin_3.0x1.1mm,1,16MHz CSTNE16M0V53L000R0,
R1,R_0805_2012Metric,1,5.1k,
J3,PinHeader_2x03_P2.54mm_Vertical,1,Conn_02x03_Odd_Even,
R2,R_0805_2012Metric,1,5.1k,
R7,R_0805_2012Metric,1,1k,
R11,R_0805_2012Metric,1,1k,
C13,C_0805_2012Metric,1,100n,
D4,LED_0805_2012Metric,1,Yellow LED,
C10,CP_EIA-3216-12_Kemet-S,1,4.7u,
SW1,SW_B3U-1000P,1,B3U-1000P,
D3,LED_0805_2012Metric,1,Green LED,
R6,R_0805_2012Metric,1,1k,
C9,CP_EIA-3216-12_Kemet-S,1,4.7u,
R5,R_0805_2012Metric,1,1k,
R8,R_0805_2012Metric,1,1k,
D1,LED_0805_2012Metric,1,green LED,
U4,QFN-32-1EP_5x5mm_P0.5mm_EP3.1x3.1mm,1,ATMEGA328PB-MNR,
U3,SOT-223,1,LM1117MPX-5.0/NOPB,
C4,C_0805_2012Metric,1,100n,
R9,R_0805_2012Metric,1,10k,
C5,C_0805_2012Metric,1,100n,
C6,C_0805_2012Metric,1,100n,
C11,C_0805_2012Metric,1,100n,
U1,SOIC-16_3.9x9.9mm_P1.27mm,1,CH340G,
C3,C_0805_2012Metric,1,100n,
R4,R_0805_2012Metric,1,1k,
U2,SOT-223,1,LM1117IMPX-3.3/NOPB,
R3,R_0805_2012Metric,1,1k,
Y1,Resonator_SMD_Murata_CSTxExxV-3Pin_3.0x1.1mm,1,12MHz AWSCR-12.00CELA-C10-T3,
D5,Nexperia_CFP3_SOD-123W,1,MBR0520LT1G,
J2,PinHeader_1x15_P2.54mm_Vertical,1,Conn_01x15_Male,
J4,PinHeader_1x15_P2.54mm_Vertical,1,Conn_01x15_Male,
